{
  "ball": {
    "pos": [
      -1.134667819850765,
      -1.5525425162586761,
      0.0
    ],
    "vel": [
      0.0,
      0.0,
      0.0
    ]
  },
  "bots": [
    {
      "obj": {
        "pos": [
          -2628.800630569458,
          -1081.7614793777466,
          3.111999988555908
        ],
        "vel": [
          0.005302328150719404,
          0.04367934539914131,
          0.0
        ]
      },
      "id": {
        "number": 3,
        "color": "YELLOW"
      }
    },
    {
      "obj": {
        "pos": [
          -3143.44097624125,
          -468.01844049759364,
          0.1480199871328473
        ],
        "vel": [
          0.0,
          0.0,
          0.0
        ]
      },
      "id": {
        "number": 7,
        "color": "BLUE"
      }
    },
    {
      "obj": {
        "pos": [
          -2147.5360986637543,
          -747.6779391133392,
          0.34904499553561213
        ],
        "vel": [
          0.0,
          0.0,
          0.0
        ]
      },
      "id": {
        "number": 3,
        "color": "BLUE"
      }
    }
  ],
  "stage": "NORMAL_FIRST_HALF",
  "command": "FORCE_START",
  "moveDestinations": [
    {
      "id": {
        "number": 3,
        "color": "YELLOW"
      },
      "dest": [
        -2480.9999465942383,
        136.0001564025879,
        3.111999988555908
      ]
    }
  ]
}