{
  "ball": {
    "pos": [-2607.600280586919, 1134.8417466445412, 0.0],
    "vel": [-0.2020431402059459, -0.2309815212041616, 0.0]
  },
  "bots": [
    {
      "obj": {
        "pos": [-2536.829710006714, 1203.5340070724487, -2.374220848083496],
        "vel": [-0.22303150594234472, -0.21354933083057404, 0.3947111964225769]
      },
      "id": {"number": 3, "color": "YELLOW"}
    },
    {
      "obj": {
        "pos": [-5684.857203412416, -2076.6262291894004, 0.36000001430511475],
        "vel": [0.0, 0.0, 0.0]
      },
      "id": {"number": 2, "color": "YELLOW"}
    },
    {
      "obj": {
        "pos": [-1508.1816720725876, -106.26021289298545, 0.4359999895095825],
        "vel": [0.0, 0.0, 0.0]
      },
      "id": {"number": 1, "color": "YELLOW"}
    },
    {
      "obj": {
        "pos": [-4500.0, 0.0, 0.0],
        "vel": [0.0, 0.0, 0.0]
      },
      "id": {"number": 0, "color": "YELLOW"}
    }
  ],
  "stage": "NORMAL_FIRST_HALF",
  "command": "BALL_PLACEMENT_YELLOW",
  "placementPos": [0.0, 0.0]
}