{
  "ball": {
    "pos": [
      0.0,
      0.0,
      0.0
    ],
    "vel": [
      0.0,
      0.0,
      0.0
    ]
  },
  "bots": [
    {
      "obj": {
        "pos": [
          4045.0021972656255,
          -3.740358515642584E-4,
          -1.5710421444621752
        ],
        "vel": [
          -4.584897412738137E-15,
          5.465623632357283E-22,
          -0.09665266404644476
        ]
      },
      "id": {
        "number": 0,
        "color": "YELLOW"
      }
    },
    {
      "obj": {
        "pos": [
          -2841.8487346428774,
          -2198.158505099914,
          -2.4073116286430234
        ],
        "vel": [
          -0.8606577662017215,
          0.0016863756970026068,
          0.059160689469504514
        ]
      },
      "id": {
        "number": 1,
        "color": "YELLOW"
      }
    },
    {
      "obj": {
        "pos": [
          -4044.9956054687505,
          -0.06752108782529832,
          1.5653395796689784
        ],
        "vel": [
          4.584897412738137E-15,
          1.3991996498834646E-19,
          -0.02535770476611228
        ]
      },
      "id": {
        "number": 0,
        "color": "BLUE"
      }
    },
    {
      "obj": {
        "pos": [
          -2565.013427734387,
          -0.007554173010458164,
          9.480471976674438E-4
        ],
        "vel": [
          -2.823458991103653E-13,
          -1.6221767409036182E-13,
          -2.2248140245430457E-5
        ]
      },
      "id": {
        "number": 1,
        "color": "BLUE"
      }
    }
  ]
}