{
  "ball": {
    "pos": [
      0.0,
      0.0,
      0.0
    ],
    "vel": [
      0.0,
      0.0,
      0.0
    ]
  },
  "bots": [
    {
      "obj": {
        "pos": [
          4045.0021972656255,
          -3.740358515642584E-4,
          -1.5710421444621752
        ],
        "vel": [
          -4.584897412738137E-15,
          5.465623632357283E-22,
          -0.09665266404644476
        ]
      },
      "id": {
        "number": 0,
        "color": "YELLOW"
      }
    },
    {
      "obj": {
        "pos": [
          -4044.9956054687505,
          -0.06752108782529832,
          1.5653395796689784
        ],
        "vel": [
          4.584897412738137E-15,
          1.3991996498834646E-19,
          -0.02535770476611228
        ]
      },
      "id": {
        "number": 0,
        "color": "BLUE"
      }
    }
  ]
}